{
  "XGBoost": {
    "mae": 3502.3,
    "rmse": 4824.58,
    "mape": 1.8196,
    "r2": 0.9406,
    "training_time_s": 219.7,
    "feature_importance": {
      "lag_1h": 0.605803,
      "lag_24h": 0.298929,
      "hour_cos": 0.012056,
      "day_sin": 0.011785,
      "hour_sin": 0.01018,
      "season_Winter": 0.009952,
      "day_cos": 0.008959,
      "month_cos": 0.00568,
      "lag_48h": 0.005275,
      "is_holiday": 0.004982,
      "rolling_std_24h": 0.004815,
      "lag_168h": 0.004603,
      "weekend_flag": 0.003726,
      "season_Monsoon": 0.002523,
      "rolling_mean_24h": 0.002512,
      "season_Summer": 0.001935,
      "month_sin": 0.001627,
      "rolling_mean_168h": 0.001547,
      "renewable_penetration": 0.000664,
      "total_renewable_MW": 0.000658
    }
  },
  "LightGBM": {
    "mae": 3411.38,
    "rmse": 4844.37,
    "mape": 1.7687,
    "r2": 0.9401,
    "training_time_s": 21.5,
    "feature_importance": {
      "lag_1h": 1915.0,
      "hour_sin": 1726.0,
      "lag_24h": 1462.0,
      "hour_cos": 1334.0,
      "rolling_std_24h": 987.0,
      "renewable_penetration": 945.0,
      "rolling_mean_168h": 908.0,
      "total_renewable_MW": 844.0,
      "rolling_mean_24h": 690.0,
      "lag_168h": 688.0,
      "lag_48h": 666.0,
      "month_cos": 660.0,
      "month_sin": 514.0,
      "day_sin": 434.0,
      "day_cos": 254.0,
      "wind_gen_MW": 192.0,
      "solar_gen_MW": 161.0,
      "humidity_percent": 130.0,
      "temperature_C": 106.0,
      "is_holiday": 88.0
    }
  },
  "RandomForest": {
    "mae": 3316.69,
    "rmse": 4354.07,
    "mape": 1.7682,
    "r2": 0.9516,
    "training_time_s": 79.9,
    "feature_importance": {
      "lag_1h": 0.834674,
      "lag_24h": 0.137253,
      "hour_sin": 0.007243,
      "hour_cos": 0.005733,
      "rolling_std_24h": 0.003835,
      "lag_168h": 0.001754,
      "lag_48h": 0.001672,
      "rolling_mean_24h": 0.001151,
      "rolling_mean_168h": 0.001105,
      "month_cos": 0.001055,
      "day_cos": 0.000625,
      "day_sin": 0.000488,
      "humidity_percent": 0.000472,
      "wind_gen_MW": 0.000439,
      "solar_gen_MW": 0.000421,
      "month_sin": 0.000369,
      "temperature_C": 0.000319,
      "heat_index_C": 0.000306,
      "renewable_penetration": 0.000281,
      "total_renewable_MW": 0.00024
    }
  }
}